E:GLY:534	0.0014931043941001638
E:PHE:519	0.030660793695977902
B:LEU:428	0.001000327991479049
F:LEU:562	0.0
A:PRO:491	0.0009232108690394777
G:VAL:553	0.0027504369613736285
B:PHE:433	0.02644255969753419
E:THR:521	0.0034907572944735243
F:LEU:524	8.541150800083008e-05
E:THR:530	0.015747218785241306
E:ASP:535	0.019737698894003442
G:LEU:552	0.0
B:LEU:443	0.001354392942536065
E:PHE:548	0.06440997332927254
E:VAL:547	0.01776450781906937
E:PRO:545	0.0072248257687087935
A:LEU:475	0.017522921923032037
F:LEU:570	0.004052074417283142
F:THR:574	0.0
B:SER:401	0.0
G:ILE:549	0.000633446062290504
B:LEU:437	0.0
F:LEU:523	0.0
B:VAL:430	0.0
B:ASP:399	0.0
E:TYR:544	0.04593400865905109
G:PHE:560	0.0001328625291758932
A:LEU:472	0.005712520720885717
F:GLU:573	0.0
G:LEU:564	0.0028932948426894796
E:ILE:556	0.03846825139205148
E:GLY:532	0.01575973803991086
A:ALA:482	0.01294390828003181
A:SER:487	0.00517561762535164
G:THR:542	0.0
A:LEU:485	0.057057941181744364
E:LEU:523	0.013003874064005697
F:SER:579	0.0
B:GLY:400	0.0
E:GLY:572	0.0225026246337605
E:LEU:563	0.09812045416639774
B:LEU:405	0.0
G:GLY:532	0.0
E:ARG:514	0.008437546918696527
E:PHE:522	0.038999739488734704
B:ILE:424	0.0
B:TYR:343	0.0
E:LEU:524	0.024636942666055817
E:VAL:575	0.07393700464722537
F:LYS:528	0.0
F:THR:530	0.0
E:LYS:528	0.022512213734893455
E:ILE:568	0.02796357684051136
B:ALA:342	0.0
E:THR:542	0.0030112355625949217
E:ILE:549	0.02049162755498437
E:LEU:562	0.10347613878031839
G:LEU:529	0.0
E:ALA:569	0.044965919233706665
E:LEU:567	0.05926410296665665
A:TYR:481	0.07591031658356248
E:THR:518	0.012620209585220709
E:PHE:560	0.057725424418848606
E:LEU:558	0.09344697302665225
E:THR:559	0.09215612393730635
E:GLU:573	0.02422575035342114
A:SER:483	0.005364802842649151
E:LEU:570	0.042512913127050134
B:LEU:435	0.0
E:GLU:517	0.0018498572071863235
B:LEU:412	0.0
E:MET:571	0.08665294281020713
B:VAL:436	0.005022371934348424
E:LEU:552	0.020750305154908357
E:ASN:565	0.05636079614046525
G:MET:571	0.0007977946763843632
E:PHE:527	0.07363753364899239
B:GLU:348	0.0
B:ARG:447	0.0
A:GLY:480	0.01620880491064449
E:SER:516	0.00020012679166245373
F:LEU:563	0.0
B:TYR:455	0.0
A:ALA:484	0.03191744914727504
E:ASP:515	0.0024378921227415774
E:LEU:529	0.0433382294521453
G:ILE:556	0.0
A:CYS:492	9.419710299475694e-05
A:LEU:467	0.017540587629941685
B:PRO:346	0.0
E:SER:541	0.015194528256053358
B:LEU:419	0.0
E:ILE:550	0.03801588893842004
E:VAL:553	0.029788223108379364
B:PHE:470	0.0
F:GLN:577	0.0
E:SER:520	0.003465288877869305
F:ASP:535	0.0
E:LEU:526	0.06389297129178774
A:LEU:488	0.03978436711727371
E:LEU:551	0.06297395157029967
E:THR:554	0.03283349377363309
A:VAL:486	0.008017985711372898
B:ILE:459	0.0
E:ILE:557	0.04008698754436142
E:LEU:536	0.018000448978090788
A:ASP:466	0.013526488586766248
B:LYS:450	0.0
E:LEU:564	0.04820436820399421
B:TYR:444	0.0015507110555704842
E:VAL:561	0.05862798936973502
B:ALA:426	0.0
G:VAL:561	0.0
A:MET:478	0.03305923739492565
E:ASP:525	0.025428051673856093
G:LEU:563	0.0
E:MET:566	0.08301949836102833
E:VAL:546	0.03160526188711835
F:ILE:531	0.006637181255036412
G:SER:541	0.0
H:MET:571	0.0
A:ASN:490	0.02921809859553123
B:ILE:408	0.0
A:ARG:469	0.036499403210373337
B:ALA:429	0.0009747299348110258
G:THR:574	0.0
B:MET:440	0.013886930048623984
E:GLY:576	0.0025567549638416238
A:LEU:471	0.01500311664336386
A:LEU:476	0.021796056795475412
A:VAL:473	0.03038649199559808
E:LYS:543	0.0033586347605740526
G:LEU:567	0.0
F:MET:566	0.0
F:MET:533	0.007214570699470471
E:GLU:537	0.00468137139477386
E:MET:538	0.04598472714812697
F:VAL:578	0.0
E:MET:533	0.040931301722481134
E:TYR:555	0.1403901526070591
E:THR:574	0.016702782447201994
A:PHE:470	0.08831328581227163
A:PHE:477	0.07942082147231493
F:LEU:567	0.028091705457036
A:LEU:489	0.023269003914041297
E:SER:540	0.010880064479640803
A:TYR:474	0.14649543431454204
A:ILE:479	0.0388482653257222
E:LEU:539	0.013593204794221617
G:PRO:545	0.00032185241669525455
B:LEU:347	0.0
G:VAL:546	0.0
E:ILE:531	0.04412215670200946
B:MET:431	0.0
B:VAL:432	0.0025321667435478624
F:PHE:527	0.0013502967730366522
